Workbook
Name ExpenseAmount: '🗒️ Expenses'!$F$5:$F$200
Name ExpenseType: '🗒️ Expenses'!$G$5:$G$200

Sheet 📈 Overview
C2: Budget your next trip here and easily track your expenses
C3: Make sure to only fill in blue cells with no formulas
C5: Destination | D5: China
C6: Days | D6: 7
C8: Expense type | D8: Planned | E8: Actual | F8: Difference | G8: Cost per day | H8: Cost breakdown
B9: 🚕 | C9: Local transportation | D9: 50 | E9: =SUMIF(ExpenseType,'📈 Overview'!$C9,ExpenseAmount) -> 79.8 | F9: =D9-E9 -> -29.8 | G9: =E9/$D$6 -> 11.4 | H9: =D9/$D$15 -> 0.03125
B10: ✈️ | C10: Long-distance transportation | D10: 700 | E10: =SUMIF(ExpenseType,'📈 Overview'!$C10,ExpenseAmount) -> 720 | F10: =D10-E10 -> -20 | G10: =E10/$D$6 -> 102.85714 | H10: =D10/$D$15 -> 0.4375
B11: 🏨 | C11: Accommodation | D11: 500 | E11: =SUMIF(ExpenseType,'📈 Overview'!$C11,ExpenseAmount) -> 480 | F11: =D11-E11 -> 20 | G11: =E11/$D$6 -> 68.571429 | H11: =D11/$D$15 -> 0.3125
B12: 🍕 | C12: Food | D12: 150 | E12: =SUMIF(ExpenseType,'📈 Overview'!$C12,ExpenseAmount) -> 193.5 | F12: =D12-E12 -> -43.5 | G12: =E12/$D$6 -> 27.642857 | H12: =D12/$D$15 -> 0.09375
B13: 🛍️ | C13: Shopping | D13: 100 | E13: =SUMIF(ExpenseType,'📈 Overview'!$C13,ExpenseAmount) -> 83 | F13: =D13-E13 -> 17 | G13: =E13/$D$6 -> 11.857143 | H13: =D13/$D$15 -> 0.0625
B14: 👟 | C14: Activities | D14: 100 | E14: =SUMIF(ExpenseType,'📈 Overview'!$C14,ExpenseAmount) -> 59 | F14: =D14-E14 -> 41 | G14: =E14/$D$6 -> 8.4285714 | H14: =D14/$D$15 -> 0.0625
C15: TOTAL | D15: =SUM(D9:D14) -> 1600 | E15: =SUM(E9:E14) -> 1615.3 | F15: =D15-E15 -> -15.3 | G15: =E15/$D$6 -> 230.75714

Sheet 🗒️ Expenses
C2: List your trip expenses on this page
C5: Expense | D5: City | E5: Date | F5: Amount | G5: Type
C6: Flight Berlin-Beijing | D6: Beijing | E6: 45839 | F6: 500 | G6: Long-distance transportation
C7: Hotel Beijing | D7: Beijing | E7: 45839 | F7: 200 | G7: Accommodation
C8: Airport taxi | D8: Beijing | E8: 45839 | F8: 15 | G8: Local transportation
C9: Lunch | D9: Beijing | E9: 45839 | F9: 10 | G9: Food
C10: Thrifting | D10: Beijing | E10: 45839 | F10: 25 | G10: Shopping
C11: Coffee | D11: Beijing | E11: 45839 | F11: 5 | G11: Food
C12: Dinner | D12: Beijing | E12: 45839 | F12: 15 | G12: Food
C13: Breakfast | D13: Beijing | E13: 45840 | F13: 5 | G13: Food
C14: Subway tickets | D14: Beijing | E14: 45840 | F14: 1 | G14: Local transportation
C15: Forbidden City tickets | D15: Beijing | E15: 45840 | F15: 8 | G15: Activities
C16: Lunch | D16: Beijing | E16: 45840 | F16: 12 | G16: Food
C17: Subway tickets | D17: Beijing | E17: 45840 | F17: 1 | G17: Local transportation
... C55: Airport taxi | D55: Shanghai | E55: 45845 | F55: 10 | G55: Local transportation
